"Authors","Author full names","Author(s) ID","Title","Year","Source title","Volume","Issue","Art. No.","Page start","Page end","Page count","Cited by","DOI","Link","Document Type","Publication Stage","Open Access","Source","EID"
"Wang C.; Ren Y.; Li J.","Wang, Chunxia (56387971700); Ren, Yufeng (57937030500); Li, Jing (57936977000)","56387971700; 57937030500; 57936977000","Ultrasonic Imaging of Cardiovascular Disease Based on Image Processor Analysis of Hard Plaque Characteristics","2022","BioMed Research International","2022","","4304524","","","","0","10.1155/2022/4304524","https://www.scopus.com/inward/record.uri?eid=2-s2.0-85140351249&doi=10.1155%2f2022%2f4304524&partnerID=40&md5=00ce36328f111ccba67b80a0d416fc0d","Retracted","Final","All Open Access; Green Open Access; Hybrid Gold Open Access","Scopus","2-s2.0-85140351249"
"Jiang F.; Wei K.; Lyu W.; Wu C.","Jiang, Feng (57208219318); Wei, Ke (57647317500); Lyu, Wenjun (57217669003); Wu, Chuyan (24177635900)","57208219318; 57647317500; 57217669003; 24177635900","Predicting Risk of Insulin Resistance in a Chinese Population with Polycystic Ovary Syndrome: Designing and Testing a New Predictive Nomogram","2020","BioMed Research International","2020","","8031497","","","","10","10.1155/2020/8031497","https://www.scopus.com/inward/record.uri?eid=2-s2.0-85087471563&doi=10.1155%2f2020%2f8031497&partnerID=40&md5=e8a4ceabb264e6355029f5293d2dd413","Retracted","Final","All Open Access; Green Open Access; Hybrid Gold Open Access","Scopus","2-s2.0-85087471563"
"Sun H.; Wang N.; Wang X.; Huang G.; Chang Y.; Liu Y.","Sun, Haitao (57890735800); Wang, Ning (57315179000); Wang, Xuetao (55631198800); Huang, Guosen (57890073900); Chang, Yaohua (57890293200); Liu, Ying (57791277000)","57890735800; 57315179000; 55631198800; 57890073900; 57890293200; 57791277000","A study of different minimum segment area parameters on automatic IMRT plans for cervical cancer using Pinnacle39.10 TPS","2022","Medicine (United States)","101","36","","E29290","","","2","10.1097/MD.0000000000029290","https://www.scopus.com/inward/record.uri?eid=2-s2.0-85138091058&doi=10.1097%2fMD.0000000000029290&partnerID=40&md5=5257d7c6191799dbcb214d26f72c834f","Retracted","Final","All Open Access; Gold Open Access; Green Open Access","Scopus","2-s2.0-85138091058"
"Sankar S.P.; George D.E.","Sankar, S. Perumal (58793399800); George, Deepa Elizabeth (56688144500)","58793399800; 56688144500","Regression Neural Network segmentation approach with LIDC-IDRI for lung lesion","2021","Journal of Ambient Intelligence and Humanized Computing","12","5","","5571","5580","9","7","10.1007/s12652-020-02069-w","https://www.scopus.com/inward/record.uri?eid=2-s2.0-85085026507&doi=10.1007%2fs12652-020-02069-w&partnerID=40&md5=5f652e2fdf0fae4e88b8a314df1edcd2","Retracted","Final","","Scopus","2-s2.0-85085026507"
"Chen F.; Wei C.; Ren S.; Zhou Z.; Xu L.; Liang J.","Chen, Fei (57202851378); Wei, Chen (57224665752); Ren, Shenghan (55596131800); Zhou, Zhen (57204096978); Xu, Lei (35270676000); Liang, Jimin (57403161700)","57202851378; 57224665752; 55596131800; 57204096978; 35270676000; 57403161700","Notice of Retraction: Coronary artery lumen segmentation in CCTA using 3D CNN with partial annotations","2021","Proceedings - International Symposium on Biomedical Imaging","2021-April","","9434025","1107","1111","4","1","10.1109/ISBI48211.2021.9434025","https://www.scopus.com/inward/record.uri?eid=2-s2.0-85107191003&doi=10.1109%2fISBI48211.2021.9434025&partnerID=40&md5=e669b93321160e9e7b07dd30cec7b01d","Retracted","Final","","Scopus","2-s2.0-85107191003"
"Guo X.; Li Y.; Yang C.; Hu Y.; Zhou Y.; Wang Z.; Zhang L.; Hu H.; Wu Y.","Guo, Xixi (56585038300); Li, Yuze (57326618000); Yang, Chunjie (57326435000); Hu, Yanjiang (57326244000); Zhou, Yun (57326056500); Wang, Zhenhua (56584983600); Zhang, Liguo (57326435100); Hu, Hongjun (57325484000); Wu, Yuemin (57325673200)","56585038300; 57326618000; 57326435000; 57326244000; 57326056500; 56584983600; 57326435100; 57325484000; 57325673200","Deep Learning-Based Computed Tomography Imaging to Diagnose the Lung Nodule and Treatment Effect of Radiofrequency Ablation","2021","Journal of Healthcare Engineering","2021","","6556266","","","","6","10.1155/2021/6556266","https://www.scopus.com/inward/record.uri?eid=2-s2.0-85118640224&doi=10.1155%2f2021%2f6556266&partnerID=40&md5=adee77b84159216e5d63a7d97af4e95d","Retracted","Final","","Scopus","2-s2.0-85118640224"
"Long Y.; Lv Z.; Wang S.; Tang B.; Li Q.; Zhang W.","Long, Yunmin (58159354600); Lv, Zheng (57918947000); Wang, Shaoyi (58159354700); Tang, Bing (58158230300); Li, Qin (56389788600); Zhang, Wei (59284069400)","58159354600; 57918947000; 58159354700; 58158230300; 56389788600; 59284069400","Comparison of preoperative ultrasound and MRI in the diagnosis of microvascular invasion in hepatocellular carcinoma","2023","Functional and Integrative Genomics","23","2","100","","","","3","10.1007/s10142-023-01006-2","https://www.scopus.com/inward/record.uri?eid=2-s2.0-85150964683&doi=10.1007%2fs10142-023-01006-2&partnerID=40&md5=babc5c8e9619a6b205744b8cae4679dd","Retracted","Final","","Scopus","2-s2.0-85150964683"
"da Nóbrega R.V.M.; Rebouças Filho P.P.; Rodrigues M.B.; da Silva S.P.P.; Dourado Júnior C.M.J.M.; de Albuquerque V.H.C.","da Nóbrega, Raul Victor M. (57201341021); Rebouças Filho, Pedro P. (55623130500); Rodrigues, Murillo B. (57193503827); da Silva, Suane P. P. (57195505307); Dourado Júnior, Carlos M. J. M. (59455103800); de Albuquerque, Victor Hugo C. (56962603300)","57201341021; 55623130500; 57193503827; 57195505307; 59455103800; 56962603300","Lung nodule malignancy classification in chest computed tomography images using transfer learning and convolutional neural networks","2020","Neural Computing and Applications","32","15","","11065","11082","17","79","10.1007/s00521-018-3895-1","https://www.scopus.com/inward/record.uri?eid=2-s2.0-85057613130&doi=10.1007%2fs00521-018-3895-1&partnerID=40&md5=134886c673ab1738b821d32874752449","Retracted","Final","","Scopus","2-s2.0-85057613130"
"Sheng A.; Li A.; Xia J.; Ye Y.","Sheng, Aizhu (57789876400); Li, Aijing (57204806136); Xia, Jianbi (57202188222); Ye, Yizhai (57367914200)","57789876400; 57204806136; 57202188222; 57367914200","Application of MRI Image Based on Computer Semiautomatic Segmentation Algorithm in the Classification Prediction of Breast Cancer Histology","2021","Journal of Healthcare Engineering","2021","","6088322","","","","1","10.1155/2021/6088322","https://www.scopus.com/inward/record.uri?eid=2-s2.0-85120859647&doi=10.1155%2f2021%2f6088322&partnerID=40&md5=d131473ea5f485f61071e0761e75d7ce","Retracted","Final","All Open Access; Green Open Access; Hybrid Gold Open Access","Scopus","2-s2.0-85120859647"
"Allapakam V.; Karuna Y.","Allapakam, Venu (58298334000); Karuna, Yepuganti (36975611000)","58298334000; 36975611000","A hybrid feature pyramid network and Efficient Net-B0-based GIST detection and segmentation from fused CT-PET image","2023","Soft Computing","27","16","","11877","11893","16","9","10.1007/s00500-023-08614-x","https://www.scopus.com/inward/record.uri?eid=2-s2.0-85160814498&doi=10.1007%2fs00500-023-08614-x&partnerID=40&md5=801537c1643aee8c0acb4d733e7ad42f","Retracted","Final","","Scopus","2-s2.0-85160814498"
"Yin X.-X.; Sun L.; Fu Y.; Lu R.; Zhang Y.","Yin, Xiao-Xia (56146192800); Sun, Le (57210276417); Fu, Yuhan (57637683600); Lu, Ruiliang (55444256500); Zhang, Yanchun (16177024400)","56146192800; 57210276417; 57637683600; 55444256500; 16177024400","U-Net-Based Medical Image Segmentation","2022","Journal of Healthcare Engineering","2022","","4189781","","","","241","10.1155/2022/4189781","https://www.scopus.com/inward/record.uri?eid=2-s2.0-85128800734&doi=10.1155%2f2022%2f4189781&partnerID=40&md5=939a2407fc6482f23d59c137240788ee","Retracted","Final","","Scopus","2-s2.0-85128800734"
"Yue C.; Lian W.; Fan Z.; Li H.; Duan M.; Qin L.; Cao X.; Peng J.","Yue, Chao (57218823090); Lian, Wenqin (57580458800); Fan, Zhongru (58698182900); Li, Haochen (58697907100); Duan, Mengying (57245801200); Qin, Lingshan (58634611800); Cao, Xianbin (58642178800); Peng, Jianzhong (56547830400)","57218823090; 57580458800; 58698182900; 58697907100; 57245801200; 58634611800; 58642178800; 56547830400","The role of PKP1 in tumor progression in melanoma: Analysis of a cell adhesion-related model","2024","Environmental Toxicology","39","2","","915","926","11","1","10.1002/tox.24017","https://www.scopus.com/inward/record.uri?eid=2-s2.0-85176946294&doi=10.1002%2ftox.24017&partnerID=40&md5=3e7f46a8e18b1432d20d0c06e9a1a53f","Retracted","Final","","Scopus","2-s2.0-85176946294"
"Gao X.; Liao Z.; Su R.; Zheng D.; Huang G.; Huang Z.; Cheng X.","Gao, Xueyuan (57815999700); Liao, Zuowei (57815841100); Su, Rukui (57815681300); Zheng, Dongni (57816156400); Huang, Guoyuan (57816470300); Huang, Zhong (59797976600); Cheng, Xueyuan (57194636703)","57815999700; 57815841100; 57815681300; 57816156400; 57816470300; 59797976600; 57194636703","Depletion of Fibroblast Growth Factor 12 Restrains the Viability, Stemness, and Motility of Colorectal Cancer","2022","BioMed Research International","2022","","9948461","","","","2","10.1155/2022/9948461","https://www.scopus.com/inward/record.uri?eid=2-s2.0-85134751674&doi=10.1155%2f2022%2f9948461&partnerID=40&md5=54e9f9ffb00d8056a35594773ef1e172","Retracted","Final","All Open Access; Green Open Access; Hybrid Gold Open Access","Scopus","2-s2.0-85134751674"
"Wu M.; Ding J.; Wen L.; Zhou Y.; Wu W.","Wu, Minhua (57216962770); Ding, Jinhua (55927368900); Wen, Limu (57222655196); Zhou, Yuxin (57222653438); Wu, Weizhu (56698842800)","57216962770; 55927368900; 57222655196; 57222653438; 56698842800","Molecular Mechanism of Secondary Endocrine Resistance in Luminal Breast Cancer","2021","BioMed Research International","2021","","6618519","","","","1","10.1155/2021/6618519","https://www.scopus.com/inward/record.uri?eid=2-s2.0-85103681344&doi=10.1155%2f2021%2f6618519&partnerID=40&md5=8a7dd44b2b73d2ae936fca81ef32ccce","Retracted","Final","All Open Access; Green Open Access; Hybrid Gold Open Access","Scopus","2-s2.0-85103681344"
"Wang H.; Liu Y.; Li Y.","Wang, Hua (57558796800); Liu, Yanxiao (57558796900); Li, Yancheng (57557506600)","57558796800; 57558796900; 57557506600","Study on Automatic Multi-Classification of Spine Based on Deep Learning and Postoperative Infection Screening","2022","Journal of Healthcare Engineering","2022","","2779686","","","","3","10.1155/2022/2779686","https://www.scopus.com/inward/record.uri?eid=2-s2.0-85127440710&doi=10.1155%2f2022%2f2779686&partnerID=40&md5=09ac9c408d5d235855f3895e208594dd","Retracted","Final","All Open Access; Green Open Access; Hybrid Gold Open Access","Scopus","2-s2.0-85127440710"
"Liu Y.; Wang X.; Li J.; Hao L.; Zhao T.; Zou H.; Xu D.","Liu, Yanan (57222054924); Wang, Xiaoyan (57368536500); Li, Jingyu (56319975200); Hao, Liguo (57193926057); Zhao, Tianyu (57208776441); Zou, He (57225185080); Xu, Dongbin (57225173215)","57222054924; 57368536500; 56319975200; 57193926057; 57208776441; 57225185080; 57225173215","Deep Learning Technology in Pathological Image Analysis of Breast Tissue","2021","Journal of Healthcare Engineering","2021","","9610830","","","","2","10.1155/2021/9610830","https://www.scopus.com/inward/record.uri?eid=2-s2.0-85120853180&doi=10.1155%2f2021%2f9610830&partnerID=40&md5=60decd575b36db2d0d5aa8689ef27cd9","Retracted","Final","","Scopus","2-s2.0-85120853180"
"Yuan G.","Yuan, Gao (57218529163)","57218529163","Correlation between er, pr, p53, ki67 expression, and high-risk hpv infection in patients with different levels of cervical intraepithelial neoplasia","2020","European Journal of Inflammation","18","","","1","9","8","0","10.1177/2058739220933084","https://www.scopus.com/inward/record.uri?eid=2-s2.0-85089412447&doi=10.1177%2f2058739220933084&partnerID=40&md5=271ee41d86d80e8560f2b015ec3851d9","Retracted","Final","All Open Access; Gold Open Access","Scopus","2-s2.0-85089412447"
"Huynh L.M.; Bonebrake B.T.; Schultis K.; Quach A.; Deibert C.M.","Huynh, Linda My (57196153371); Bonebrake, Benjamin T. (57388650900); Schultis, Kaitlyn (58490217700); Quach, Alan (57210157684); Deibert, Christopher M. (16205150500)","57196153371; 57388650900; 58490217700; 57210157684; 16205150500","New Artificial Intelligence ChatGPT Performs Poorly on the 2022 Self-assessment Study Program for Urology","2023","Urology Practice","10","4","","409","415","6","44","10.1097/UPJ.0000000000000406","https://www.scopus.com/inward/record.uri?eid=2-s2.0-85164910477&doi=10.1097%2fUPJ.0000000000000406&partnerID=40&md5=f3d885c6c1437ef59c2853948a74d95a","Retracted","Final","","Scopus","2-s2.0-85164910477"
"Chopra P.; Junath N.; Singh S.K.; Khan S.; Sugumar R.; Bhowmick M.","Chopra, Pooja (57699611200); Junath, N. (56026373200); Singh, Sitesh Kumar (57309306100); Khan, Shakir (57218376390); Sugumar, R. (59685199400); Bhowmick, Mithun (56380300500)","57699611200; 56026373200; 57309306100; 57218376390; 59685199400; 56380300500","Cyclic GAN Model to Classify Breast Cancer Data for Pathological Healthcare Task","2022","BioMed Research International","2022","","6336700","","","","14","10.1155/2022/6336700","https://www.scopus.com/inward/record.uri?eid=2-s2.0-85135233985&doi=10.1155%2f2022%2f6336700&partnerID=40&md5=d300f56fd113b6b3cce06278ef4b88c8","Retracted","Final","","Scopus","2-s2.0-85135233985"
"Mann S.; Bindal A.K.; Balyan A.; Shukla V.; Gupta Z.; Tomar V.; Miah S.","Mann, Suman (55009950900); Bindal, Amit Kumar (55608860800); Balyan, Archana (54386581500); Shukla, Vijay (57855942300); Gupta, Zatin (57697450100); Tomar, Vivek (58490405300); Miah, Shahajan (57224881107)","55009950900; 55608860800; 54386581500; 57855942300; 57697450100; 58490405300; 57224881107","Multiresolution-Based Singular Value Decomposition Approach for Breast Cancer Image Classification","2022","BioMed Research International","2022","","6392206","","","","3","10.1155/2022/6392206","https://www.scopus.com/inward/record.uri?eid=2-s2.0-85136476096&doi=10.1155%2f2022%2f6392206&partnerID=40&md5=5bf834753ccca12ceb26971599bd1538","Retracted","Final","All Open Access; Green Open Access; Hybrid Gold Open Access","Scopus","2-s2.0-85136476096"
"Li Y.","Li, Yuanyuan (57353419600)","57353419600","Research on Modern Book Packaging Design under Aesthetic Evaluation Based on Deep Learning Model","2021","Discrete Dynamics in Nature and Society","2021","","8214200","","","","1","10.1155/2021/8214200","https://www.scopus.com/inward/record.uri?eid=2-s2.0-85119917667&doi=10.1155%2f2021%2f8214200&partnerID=40&md5=d2b9a471f9f47123ba6c66437b1c670d","Retracted","Final","All Open Access; Gold Open Access","Scopus","2-s2.0-85119917667"
"Anand L.; Mewada S.; Shamsi W.; Ritonga M.; Aflisia N.; Kumarsarangi P.; Ndolearthur M.","Anand, L. (57195996505); Mewada, Shivlal (57191627860); Shamsi, Wameeddeyah (58035325300); Ritonga, Mahyudin (57216507441); Aflisia, Noza (58082108400); Kumarsarangi, Prakash (58089111800); Ndolearthur, Moses (58089193600)","57195996505; 57191627860; 58035325300; 57216507441; 58082108400; 58089111800; 58089193600","Diagnosis of Prostate Cancer Using GLCM Enabled KNN Technique by Analyzing MRI Images","2023","BioMed Research International","2023","","3913351","","","","12","10.1155/2023/3913351","https://www.scopus.com/inward/record.uri?eid=2-s2.0-85147319587&doi=10.1155%2f2023%2f3913351&partnerID=40&md5=d158acbbe62bb9aae8530c3bc2d992d0","Retracted","Final","","Scopus","2-s2.0-85147319587"
"Sujitha R.; Seenivasagam V.","Sujitha, R. (57224421119); Seenivasagam, V. (23986273700)","57224421119; 23986273700","Classification of lung cancer stages with machine learning over big data healthcare framework","2021","Journal of Ambient Intelligence and Humanized Computing","12","5","","5639","5649","10","43","10.1007/s12652-020-02071-2","https://www.scopus.com/inward/record.uri?eid=2-s2.0-85085397996&doi=10.1007%2fs12652-020-02071-2&partnerID=40&md5=46c097fc3fa18274329f44f5a31ad608","Retracted","Final","","Scopus","2-s2.0-85085397996"
"Yang H.; Zhang Z.; He Y.; Tian B.; Zhang X.; Hao Y.; Lu S.; Tian Y.","Yang, Huizhen (57390523900); Zhang, Zhenghang (57390534800); He, Yingbi (57390506600); Tian, Bin (57390534900); Zhang, Xiaozhen (57390535000); Hao, Yingying (57390511300); Lu, Shuang (57390524000); Tian, Yanhua (57390540100)","57390523900; 57390534800; 57390506600; 57390534900; 57390535000; 57390511300; 57390524000; 57390540100","Analysis of the Diagnostic Effect of EUS-RTE on Giant Cystic Tumours of the Oesophagus Based on Cluster Analysis","2021","Journal of Healthcare Engineering","2021","","1395826","","","","0","10.1155/2021/1395826","https://www.scopus.com/inward/record.uri?eid=2-s2.0-85121960781&doi=10.1155%2f2021%2f1395826&partnerID=40&md5=f5a6cb1576143f3bdacbaea953519084","Retracted","Final","All Open Access; Gold Open Access; Green Open Access","Scopus","2-s2.0-85121960781"
"Supriya M.; Deepa A.J.; Mythili C.","Supriya, M. (36089138900); Deepa, A.J. (59609321800); Mythili, C. (57189687620)","36089138900; 59609321800; 57189687620","Mamographic image for breast cancer detection and identification of stages of cancer using MFFC and optimized ANFIS","2021","Journal of Ambient Intelligence and Humanized Computing","12","9","","8731","8745","14","2","10.1007/s12652-020-02639-y","https://www.scopus.com/inward/record.uri?eid=2-s2.0-85095442602&doi=10.1007%2fs12652-020-02639-y&partnerID=40&md5=dfe0c05dd32765194f14f16d98c29f69","Retracted","Final","","Scopus","2-s2.0-85095442602"
"Sun H.; Bai S.; Liao R.; Han A.","Sun, Haonan (57543430000); Bai, Shimiao (57544490800); Liao, Rujuan (57317276000); Han, Aijun (57221493517)","57543430000; 57544490800; 57317276000; 57221493517","Contrast Agent and Molecular Imaging Meta-Analysis of the Clinical Effect of Intelligent Image Sensor Combined with Visual Training in the Treatment of Children with Intermittent Exotropia in China","2022","Journal of Healthcare Engineering","2022","","5387928","","","","2","10.1155/2022/5387928","https://www.scopus.com/inward/record.uri?eid=2-s2.0-85126881109&doi=10.1155%2f2022%2f5387928&partnerID=40&md5=fcf59856c7340ec18b79384c88abb7f6","Retracted","Final","All Open Access; Green Open Access; Hybrid Gold Open Access","Scopus","2-s2.0-85126881109"
"Abdulwahab H.M.; Ajitha S.; Saif M.A.N.","Abdulwahab, Hudhaifa Mohammed (57436426600); Ajitha, S. (35184770600); Saif, Mufeed Ahmed Naji (57223200183)","57436426600; 35184770600; 57223200183","Feature selection techniques in the context of big data: taxonomy and analysis","2022","Applied Intelligence","52","12","","13568","13613","45","52","10.1007/s10489-021-03118-3","https://www.scopus.com/inward/record.uri?eid=2-s2.0-85123892909&doi=10.1007%2fs10489-021-03118-3&partnerID=40&md5=66f0266878f5a0b873cc93f440f979ec","Retracted","Final","","Scopus","2-s2.0-85123892909"
"Mao Q.; Qiao Z.; Wang Q.; Zhao W.; Ju H.","Mao, Qi (59351279300); Qiao, Zhi (59351314600); Wang, Qiang (59351328800); Zhao, Wei (59351328900); Ju, Haitao (55758186200)","59351279300; 59351314600; 59351328800; 59351328900; 55758186200","Construction and validation of a machine learning-based immune-related prognostic model for glioma","2024","Journal of Cancer Research and Clinical Oncology","150","10","439","","","","1","10.1007/s00432-024-05970-5","https://www.scopus.com/inward/record.uri?eid=2-s2.0-85205446262&doi=10.1007%2fs00432-024-05970-5&partnerID=40&md5=9de06fc4491e0323f8950b68e886e468","Retracted","Final","All Open Access; Gold Open Access; Green Open Access","Scopus","2-s2.0-85205446262"
"Manimegalai P.; Suresh Kumar R.; Valsalan P.; Dhanagopal R.; Vasanth Raj P.T.; Christhudass J.","Manimegalai, P. (57750651300); Suresh Kumar, R. (57203140569); Valsalan, Prajoona (57195606629); Dhanagopal, R. (57195356565); Vasanth Raj, P.T. (26535119300); Christhudass, Jerome (57823406100)","57750651300; 57203140569; 57195606629; 57195356565; 26535119300; 57823406100","3D Convolutional Neural Network Framework with Deep Learning for Nuclear Medicine","2022","Scanning","2022","","9640177","","","","10","10.1155/2022/9640177","https://www.scopus.com/inward/record.uri?eid=2-s2.0-85135104468&doi=10.1155%2f2022%2f9640177&partnerID=40&md5=d501f58d3d6d440035ef749c124c561e","Retracted","Final","All Open Access; Gold Open Access; Green Open Access","Scopus","2-s2.0-85135104468"
"Jing H.; Yang F.; Peng K.; Qin D.; He Y.; Yang G.; Zhang H.","Jing, Hui (57828886700); Yang, Fan (57749320900); Peng, Kun (57927079400); Qin, Danlei (57802735000); He, Yexin (55388892500); Yang, Guoqiang (57203120953); Zhang, Hui (59348133400)","57828886700; 57749320900; 57927079400; 57802735000; 55388892500; 57203120953; 59348133400","Multimodal MRI-Based Radiomic Nomogram for the Early Differentiation of Recurrence and Pseudoprogression of High-Grade Glioma","2022","BioMed Research International","2022","","4667117","","","","3","10.1155/2022/4667117","https://www.scopus.com/inward/record.uri?eid=2-s2.0-85139864243&doi=10.1155%2f2022%2f4667117&partnerID=40&md5=4da5eaf2322e385cf451b7bdef8f18ec","Retracted","Final","All Open Access; Green Open Access; Hybrid Gold Open Access","Scopus","2-s2.0-85139864243"
"Arunkumar N.; Nagaraj B.; Ruth Keziah M.","Arunkumar, N. (24330633400); Nagaraj, Balakrishnan (36495195200); Ruth Keziah, M. (59136210600)","24330633400; 36495195200; 59136210600","Optimized wavelet and feature set of EEG signal for Parkinson disease classification","2024","Journal of Intelligent and Fuzzy Systems","46","4","236145","9271","9290","19","0","10.3233/JIFS-236145","https://www.scopus.com/inward/record.uri?eid=2-s2.0-85193752843&doi=10.3233%2fJIFS-236145&partnerID=40&md5=3b477ecb4a71af13e82f551277a41f8d","Retracted","Final","","Scopus","2-s2.0-85193752843"
"Yang J.; Li H.; Shi N.; Zhang Q.; Liu Y.","Yang, Jingjing (57222043285); Li, Huichao (57222040381); Shi, Ning (57218546590); Zhang, Qifan (57222047108); Liu, Yanan (57222054924)","57222043285; 57222040381; 57218546590; 57222047108; 57222054924","Microscopic Tumour Classification by Digital Mammography","2021","Journal of Healthcare Engineering","2021","","6635947","","","","2","10.1155/2021/6635947","https://www.scopus.com/inward/record.uri?eid=2-s2.0-85101091049&doi=10.1155%2f2021%2f6635947&partnerID=40&md5=822e2dce814215208e14d5d59a8b7ba2","Retracted","Final","All Open Access; Green Open Access; Hybrid Gold Open Access","Scopus","2-s2.0-85101091049"
"Wang M.; Sun P.; Zhao X.; Sun Y.","Wang, Minxin (57211235607); Sun, Ping (57219351012); Zhao, Xiaodong (57219359897); Sun, Yongmei (55931125200)","57211235607; 57219351012; 57219359897; 55931125200","Ultrasound Parameters of Thyroid Nodules and the Risk of Malignancy: A Retrospective Analysis","2020","Cancer Control","27","1","","","","","3","10.1177/1073274820945976","https://www.scopus.com/inward/record.uri?eid=2-s2.0-85092396210&doi=10.1177%2f1073274820945976&partnerID=40&md5=83be02f056384e9021a745db7c55023d","Retracted","Final","All Open Access; Gold Open Access; Green Open Access","Scopus","2-s2.0-85092396210"
"Prusty S.; Das P.; Dash S.K.; Patnaik S.; Prusty S.G.P.","Prusty, Sashikanta (57436966500); Das, Priti (57203891450); Dash, Sujit Kumar (57189000820); Patnaik, Srikanta (7102590512); Prusty, Sushree Gayatri Priyadarsini (58089253000)","57436966500; 57203891450; 57189000820; 7102590512; 58089253000","Prediction of Breast cancer using integrated machine learning-fuzzy and dimension reduction techniques","2023","Journal of Intelligent and Fuzzy Systems","45","1","","1633","1652","19","7","10.3233/JIFS-223265","https://www.scopus.com/inward/record.uri?eid=2-s2.0-85165378242&doi=10.3233%2fJIFS-223265&partnerID=40&md5=2f6a5da5a0044a67ebebb938013d58d7","Retracted","Final","All Open Access; Hybrid Gold Open Access","Scopus","2-s2.0-85165378242"
"Wanjari M.; Mittal G.; Prasad R.","Wanjari, Mayur (57220811297); Mittal, Gaurav (58994663400); Prasad, Roshan (58573618600)","57220811297; 58994663400; 58573618600","Artificial intelligence in the surgical management of arteriovenous malformations","2024","Neurosurgical Review","47","1","639","","","","0","10.1007/s10143-024-02886-z","https://www.scopus.com/inward/record.uri?eid=2-s2.0-85204417667&doi=10.1007%2fs10143-024-02886-z&partnerID=40&md5=a9300bece20d588b226a47b2402cd6a0","Retracted","Final","","Scopus","2-s2.0-85204417667"
"ZHUO E.; CAI C.; LIU W.; LI K.; ZHAO W.","ZHUO, ENQING (39362561000); CAI, CHANGQING (57193556813); LIU, WENZHE (57219879512); LI, KUNSONG (57219878065); ZHAO, WENZHEN (57219877470)","39362561000; 57193556813; 57219879512; 57219878065; 57219877470","Downregulated microRNA-140-5p expression regulates apoptosis, migration and invasion of lung cancer cells by targeting zinc finger protein 800","2020","Oncology Letters","20","6","e12253","","","","12","10.3892/ol.2020.12253","https://www.scopus.com/inward/record.uri?eid=2-s2.0-85095884622&doi=10.3892%2fol.2020.12253&partnerID=40&md5=95590a16049a46e0c9b6976727756473","Retracted","Final","","Scopus","2-s2.0-85095884622"
"Dong J.; Zhang Y.; Meng Y.; Yang T.; Ma W.; Wu H.","Dong, Jie (57947599400); Zhang, Yueying (57950520500); Meng, Yun (55891920400); Yang, Tingxiao (58836861700); Ma, Wei (56316517900); Wu, Huixin (24170381900)","57947599400; 57950520500; 55891920400; 58836861700; 56316517900; 24170381900","Segmentation Algorithm of Magnetic Resonance Imaging Glioma under Fully Convolutional Densely Connected Convolutional Networks","2022","Stem Cells International","2022","","8619690","","","","1","10.1155/2022/8619690","https://www.scopus.com/inward/record.uri?eid=2-s2.0-85141045393&doi=10.1155%2f2022%2f8619690&partnerID=40&md5=16f5b1b0bcf6388dacc79738f70d7d1b","Retracted","Final","All Open Access; Gold Open Access; Green Open Access","Scopus","2-s2.0-85141045393"
"Zhang Z.; Zhang S.; Feng H.","Zhang, Zhike (57222342932); Zhang, Shuixin (57222345030); Feng, Hongyu (59791668500)","57222342932; 57222345030; 59791668500","Extraction and Visualization of Ocular Blood Vessels in 3D Medical Images Based on Geometric Transformation Algorithm","2021","Journal of Healthcare Engineering","2021","","5573381","","","","0","10.1155/2021/5573381","https://www.scopus.com/inward/record.uri?eid=2-s2.0-85102383580&doi=10.1155%2f2021%2f5573381&partnerID=40&md5=4b7ca66b899df2ab2390e2767d72c7e4","Retracted","Final","All Open Access; Gold Open Access; Green Open Access","Scopus","2-s2.0-85102383580"
"Liu Z.; Zeng S.; Quan X.","Liu, Zehao (57860951800); Zeng, Songxian (57860376800); Quan, Xinglin (57861516900)","57860951800; 57860376800; 57861516900","Image Genetic Analysis and Application Research Based on QRFPR and Other Neural Network-Related SNP Loci","2022","BioMed Research International","2022","","5861928","","","","1","10.1155/2022/5861928","https://www.scopus.com/inward/record.uri?eid=2-s2.0-85136650466&doi=10.1155%2f2022%2f5861928&partnerID=40&md5=486ad73ca5f1ccca445dd3580f0c688c","Retracted","Final","All Open Access; Green Open Access; Hybrid Gold Open Access","Scopus","2-s2.0-85136650466"
"Han X.; Kong D.; He X.; Xie S.; Li C.","Han, Xue (58504371300); Kong, Defeng (58505191600); He, Xuefeng (58504371400); Xie, Shiyu (58504371500); Li, Chunlin (57440602900)","58504371300; 58505191600; 58504371400; 58504371500; 57440602900","A meta-analysis of the effect of laparoscopic gastric resection on the surgical site wound infection in patients with advanced gastric cancer","2023","International Wound Journal","20","10","","4300","4307","7","1","10.1111/iwj.14332","https://www.scopus.com/inward/record.uri?eid=2-s2.0-85165676403&doi=10.1111%2fiwj.14332&partnerID=40&md5=37e156a82a6946af853a3b492e8fd771","Retracted","Final","All Open Access; Gold Open Access; Green Open Access","Scopus","2-s2.0-85165676403"
"He X.; Wang Z.; Zhou Y.; Feng Y.","He, Xiaoping (58891781100); Wang, Zongsheng (57208000164); Zhou, Ying (58194182300); Feng, Yongli (57191608820)","58891781100; 57208000164; 58194182300; 57191608820","The value, diagnostic efficacy and clinical significance of functional magnetic resonance imaging in evaluating the efficacy of neoadjuvant chemotherapy in patients with triple negative breast cancer","2023","Frontiers in Oncology","13","","1132186","","","","1","10.3389/fonc.2023.1132186","https://www.scopus.com/inward/record.uri?eid=2-s2.0-85153334921&doi=10.3389%2ffonc.2023.1132186&partnerID=40&md5=86c102e3acc91cecfda38ceb19df8ecd","Retracted","Final","All Open Access; Gold Open Access; Green Open Access","Scopus","2-s2.0-85153334921"
"Parrilla-Almansa A.; González-Bermúdez C.A.; Sánchez-Sánchez S.; Meseguer-Olmo L.; Martínez-Cáceres C.M.; Martínez-Martínez F.; Calvo-Guirado J.L.; de Armas J.J.P.; Aragoneses J.M.; García-Carrillo N.; De Aza P.N.","Parrilla-Almansa, Andrés (6506854729); González-Bermúdez, Carlos Alberto (49361449600); Sánchez-Sánchez, Silvia (57208674231); Meseguer-Olmo, Luis (8647713400); Martínez-Cáceres, Carlos Manuel (59157697900); Martínez-Martínez, Francisco (56362781200); Calvo-Guirado, José Luis (57204494412); de Armas, Juan José Piñero (57195641848); Aragoneses, Juan Manuel (55460907800); García-Carrillo, Nuria (57188634860); De Aza, Piedad N. (57201077346)","6506854729; 49361449600; 57208674231; 8647713400; 59157697900; 56362781200; 57204494412; 57195641848; 55460907800; 57188634860; 57201077346","RETRACTED: Intraosteal Behavior of Porous Scaffolds: The mCT Raw-Data Analysis as a Tool for Better Understanding","2019","Symmetry","11","4","532","","","","2","10.3390/sym11040532","https://www.scopus.com/inward/record.uri?eid=2-s2.0-85065470949&doi=10.3390%2fsym11040532&partnerID=40&md5=6a109dddb235b7a0491460408d976cf5","Retracted","Final","All Open Access; Gold Open Access; Green Open Access","Scopus","2-s2.0-85065470949"
"Thakur N.; Quazi S.; Naik B.; Jha S.K.; Singh P.","Thakur, Neha (58546082700); Quazi, Sameer (57222029432); Naik, Bindu (55765904500); Jha, Saurabh Kumar (56425051500); Singh, Pallavi (57225895024)","58546082700; 57222029432; 55765904500; 56425051500; 57225895024","New insights into molecular signaling pathways and current advancements in prostate cancer diagnostics & therapeutics","2023","Frontiers in Oncology","13","","1193736","","","","1","10.3389/fonc.2023.1193736","https://www.scopus.com/inward/record.uri?eid=2-s2.0-85169568062&doi=10.3389%2ffonc.2023.1193736&partnerID=40&md5=4b9fa6b56cd9f0ee6ae2e1dbee866c3e","Retracted","Final","All Open Access; Gold Open Access","Scopus","2-s2.0-85169568062"
"Wang Y.; Wei C.; Deng X.; Gao S.; Chen J.","Wang, Yuan (57203171693); Wei, Chao (57812019300); Deng, Xiangui (57812019400); Gao, Shudi (57129468100); Chen, Jing (59061527300)","57203171693; 57812019300; 57812019400; 57129468100; 59061527300","Preliminary Evaluation of Artificial Intelligence-Based Anti-Hepatocellular Carcinoma Molecular Target Study in Hepatocellular Carcinoma Diagnosis Research","2022","BioMed Research International","2022","","8365565","","","","0","10.1155/2022/8365565","https://www.scopus.com/inward/record.uri?eid=2-s2.0-85139141397&doi=10.1155%2f2022%2f8365565&partnerID=40&md5=e9d8806b0fdbd63dcf8db32f36cbb2dc","Retracted","Final","All Open Access; Green Open Access; Hybrid Gold Open Access","Scopus","2-s2.0-85139141397"
"Saidulu D.; Sasikala R.","Saidulu, D. (59546850500); Sasikala, R. (56644464500)","59546850500; 56644464500","An approach for disease prediction and classification using novel weighting method and multichannel shared functional behaviour","2023","Soft Computing","27","14","","9891","9906","15","0","10.1007/s00500-023-08282-x","https://www.scopus.com/inward/record.uri?eid=2-s2.0-85160218275&doi=10.1007%2fs00500-023-08282-x&partnerID=40&md5=2fd8ae6658c8e8e9d9b3e072e37992ab","Retracted","Final","","Scopus","2-s2.0-85160218275"
"FANG K.; XU Z.-J.; JIANG S.-X.; TANG D.-S.; YAN C.-S.; DENG Y.-Y.; ZHAO F.-Y.","FANG, KUN (57222979524); XU, ZHENG-JIE (57222988816); JIANG, SU-XIAO (57222987600); TANG, DE-SHENG (57222991984); YAN, CHANG-SHENG (57222992815); DENG, YOU-YUAN (59053368900); ZHAO, FU-YING (57222993281)","57222979524; 57222988816; 57222987600; 57222991984; 57222992815; 59053368900; 57222993281","lncRNA FGD5-AS1 promotes breast cancer progression by regulating the hsa-miR-195-5p/NUAK2 axis","2021","Molecular Medicine Reports","23","6","A1","","","","25","10.3892/mmr.2021.12099","https://www.scopus.com/inward/record.uri?eid=2-s2.0-85104333847&doi=10.3892%2fmmr.2021.12099&partnerID=40&md5=c32a35e664a6d011643df653ccc3e518","Retracted","Final","All Open Access; Green Open Access; Hybrid Gold Open Access","Scopus","2-s2.0-85104333847"
"Tan J.; Sun X.; Wang S.; Ma B.; Chen Z.; Shi Y.; Zhang L.; Shah M.A.","Tan, Jinyun (57318093700); Sun, Xijun (57318093800); Wang, Shaoyu (57205582230); Ma, Baoqin (57318025700); Chen, Zhaohui (57318424900); Shi, Yaowei (57318359600); Zhang, Li (57221583892); Shah, Mohd Asif (58090397100)","57318093700; 57318093800; 57205582230; 57318025700; 57318424900; 57318359600; 57221583892; 58090397100","Evaluation of Angiogenesis and Pathological Classification of Extrahepatic Cholangiocarcinoma by Dynamic MR Imaging for E-Healthcare","2021","Journal of Healthcare Engineering","2021","","8666498","","","","2","10.1155/2021/8666498","https://www.scopus.com/inward/record.uri?eid=2-s2.0-85118310968&doi=10.1155%2f2021%2f8666498&partnerID=40&md5=dcf37778d21e3c2b883b02808b8e4043","Retracted","Final","All Open Access; Green Open Access; Hybrid Gold Open Access","Scopus","2-s2.0-85118310968"
"Wang K.; Wang Q.; Li Q.; Zhang Z.; Gao J.; Fan C.; Sun B.; Ni Q.","Wang, Kun (57303275400); Wang, Qian (56844209400); Li, Qinghao (57193951096); Zhang, Zhaoqiang (56864692600); Gao, Jing (57223266738); Fan, Cundong (56373415400); Sun, Baoliang (7401984441); Ni, Qingbin (57218317071)","57303275400; 56844209400; 57193951096; 56864692600; 57223266738; 56373415400; 7401984441; 57218317071","Cannabinoid WIN 55,212-2 Inhibits Human Glioma Cell Growth by Triggering ROS-Mediated Signal Pathways","2021","BioMed Research International","2021","","6612592","","","","13","10.1155/2021/6612592","https://www.scopus.com/inward/record.uri?eid=2-s2.0-85105392669&doi=10.1155%2f2021%2f6612592&partnerID=40&md5=c8cc87635b4dd6829d77d478ca7820ec","Retracted","Final","All Open Access; Green Open Access; Hybrid Gold Open Access","Scopus","2-s2.0-85105392669"
"Xie Z.; Zhang H.","Xie, Zhonghai (57217791665); Zhang, Huaizhong (57221822362)","57217791665; 57221822362","Analysis of the Diagnosis Model of Peripheral Non-Small-Cell Lung Cancer under Computed Tomography Images","2022","Journal of Healthcare Engineering","2022","","3107965","","","","3","10.1155/2022/3107965","https://www.scopus.com/inward/record.uri?eid=2-s2.0-85125589625&doi=10.1155%2f2022%2f3107965&partnerID=40&md5=1cde2dec9f6d1da8172b00331b858c82","Retracted","Final","All Open Access; Gold Open Access; Green Open Access","Scopus","2-s2.0-85125589625"
"Xu Z.; Zhao L.; Yang G.; Ren Y.; Wu J.; Xia Y.; Yang X.; Cao M.; Zhang G.; Peng T.; Zhao J.; Yang H.; Hu J.; Du J.","Xu, Zhigao (55687336500); Zhao, Lili (59628444500); Yang, Guoqiang (57203120953); Ren, Ying (54909624600); Wu, Jinlong (57207848575); Xia, Yuwei (57211251532); Yang, Xuhong (57324242000); Cao, Milan (57218953261); Zhang, Guojiang (57324425700); Peng, Taisong (55206067300); Zhao, Jiafeng (57324610800); Yang, Hui (57215278187); Hu, Jinfeng (57324051100); Du, Jiangfeng (55455075000)","55687336500; 59628444500; 57203120953; 54909624600; 57207848575; 57211251532; 57324242000; 57218953261; 57324425700; 55206067300; 57324610800; 57215278187; 57324051100; 55455075000","Severity Assessment of COVID-19 Using a CT-Based Radiomics Model","2021","Stem Cells International","2021","","2263469","","","","10","10.1155/2021/2263469","https://www.scopus.com/inward/record.uri?eid=2-s2.0-85118549722&doi=10.1155%2f2021%2f2263469&partnerID=40&md5=349855592d23e6eb294d55b454011ec5","Retracted","Final","All Open Access; Gold Open Access; Green Open Access","Scopus","2-s2.0-85118549722"
"Zhang Y.; Zhu H.; Zhou Z.; Sun Y.; Shen X.; Wu J.; Li C.","Zhang, Yang (57218956049); Zhu, Hengjie (57218954124); Zhou, Zheng (58842926500); Sun, Yinming (57218949421); Shen, Xiang (57700376400); Wu, Jixiang (57218953749); Li, Chengcun (57218953193)","57218956049; 57218954124; 58842926500; 57218949421; 57700376400; 57218953749; 57218953193","Deep Learning-Based Cervical Spine Posterior Percutaneous Endoscopic Disc Nucleus Resection for the Treatment of Cervical Spondylotic Radiculopathy","2021","Journal of Healthcare Engineering","2021","","7245566","","","","5","10.1155/2021/7245566","https://www.scopus.com/inward/record.uri?eid=2-s2.0-85122501956&doi=10.1155%2f2021%2f7245566&partnerID=40&md5=3494c029f58672f961ac95d1350d51a1","Retracted","Final","All Open Access; Green Open Access; Hybrid Gold Open Access","Scopus","2-s2.0-85122501956"
"Liu W.","Liu, Wenjun (57607881100)","57607881100","Serum Level of CEACAM1 in Patients with Nonsmall Cell Lung Cancer and Its Clinical Significance in Cancer Tissue","2022","Journal of Healthcare Engineering","2022","","7948010","","","","3","10.1155/2022/7948010","https://www.scopus.com/inward/record.uri?eid=2-s2.0-85128629130&doi=10.1155%2f2022%2f7948010&partnerID=40&md5=c1403ff50b10d65c63efa60f1323c74d","Retracted","Final","All Open Access; Gold Open Access; Green Open Access","Scopus","2-s2.0-85128629130"
"Zhang R.-N.; Wu D.-M.; Wu L.-P.; Gao G.-W.","Zhang, Ru-nan (57301262500); Wu, Dong-mei (58729598300); Wu, Li-ping (59285844400); Gao, Guo-wei (57301117100)","57301262500; 58729598300; 59285844400; 57301117100","LncRNA LINC00337 sponges mir-1285-3p to promote proliferation and metastasis of lung adenocarcinoma cells by upregulating YTHDF1","2021","Cancer Cell International","21","1","550","","","","12","10.1186/s12935-021-02253-8","https://www.scopus.com/inward/record.uri?eid=2-s2.0-85117380384&doi=10.1186%2fs12935-021-02253-8&partnerID=40&md5=a1b82ef78151888d6891405d580035a7","Retracted","Final","All Open Access; Gold Open Access; Green Open Access","Scopus","2-s2.0-85117380384"
"Du Q.; Wang Y.; Guan S.; Hu C.; Li M.; Zhou L.; Zhang M.; Chen Y.; Mei X.; Sun J.; Zhou Y.","Du, Qiancheng (57209605894); Wang, Yanyan (57192258168); Guan, Shihao (57212515530); Hu, Chenliang (57211025912); Li, Mengxuan (57212515737); Zhou, Ling (57212205244); Zhang, Mengzhao (57209601633); Chen, Yichong (57209602501); Mei, Xuepeng (57209606061); Sun, Jian (57217995795); Zhou, Ying (57194333947)","57209605894; 57192258168; 57212515530; 57211025912; 57212515737; 57212205244; 57209601633; 57209602501; 57209606061; 57217995795; 57194333947","The diagnostic nomogram of platelet-based score models for hepatic alveolar echinococcosis and atypical liver cancer","2019","Scientific Reports","9","1","19403","","","","6","10.1038/s41598-019-55563-3","https://www.scopus.com/inward/record.uri?eid=2-s2.0-85076898320&doi=10.1038%2fs41598-019-55563-3&partnerID=40&md5=9abb765311d7fa4f73cfd49f905b14f2","Retracted","Final","All Open Access; Gold Open Access; Green Open Access","Scopus","2-s2.0-85076898320"
"Das S.; Bose S.; Nayak G.K.; Satapathy S.C.; Saxena S.","Das, Suchismita (57220984670); Bose, Srijib (7401626774); Nayak, Gopal K. (57197141333); Satapathy, Suresh Chandra (16643664100); Saxena, Sanjay (59562340300)","57220984670; 7401626774; 57197141333; 16643664100; 59562340300","Brain tumor segmentation and overall survival period prediction in glioblastoma multiforme using radiomic features","2022","Concurrency and Computation: Practice and Experience","34","20","e6501","","","","45","10.1002/cpe.6501","https://www.scopus.com/inward/record.uri?eid=2-s2.0-85110957571&doi=10.1002%2fcpe.6501&partnerID=40&md5=2c67bb6fce7cfc70cd4ada598830ab6e","Retracted","Final","","Scopus","2-s2.0-85110957571"
"Lv S.; Li S.; Yu Z.; Wang K.; Qiao X.; Gong D.; Wu C.","Lv, Shouyun (57289658500); Li, Shizong (57217490266); Yu, Zhiwei (57218565165); Wang, Kaiqiong (57225141006); Qiao, Xin (58047179700); Gong, Dongwei (57288638400); Wu, Changxiong (15520386400)","57289658500; 57217490266; 57218565165; 57225141006; 58047179700; 57288638400; 15520386400","Application of the Preoperative Assistant System Based on Machine Learning in Hepatocellular Carcinoma Resection","2021","Journal of Healthcare Engineering","2021","","4757668","","","","1","10.1155/2021/4757668","https://www.scopus.com/inward/record.uri?eid=2-s2.0-85116704488&doi=10.1155%2f2021%2f4757668&partnerID=40&md5=f229efe080f91cb650c4305a4d877c0e","Retracted","Final","All Open Access; Green Open Access; Hybrid Gold Open Access","Scopus","2-s2.0-85116704488"
"Zhou L.-L.; Zhang M.; Zhang Y.-Z.; Sun M.-F.","Zhou, Li-Li (57219118108); Zhang, Meng (57219117377); Zhang, Yan-Zhen (57219118427); Sun, Mei-Fen (57219117411)","57219118108; 57219117377; 57219118427; 57219117411","Long non-coding RNA PSMA3-AS1 enhances cell proliferation, migration and invasion by regulating miR-302a-3p/RAB22A in glioma","2020","Bioscience Reports","40","9","BSR20191571","","","","10","10.1042/BSR20191571","https://www.scopus.com/inward/record.uri?eid=2-s2.0-85091324482&doi=10.1042%2fBSR20191571&partnerID=40&md5=ce7b671b739e54312df6bd4684d50be7","Retracted","Final","All Open Access; Gold Open Access; Green Open Access","Scopus","2-s2.0-85091324482"
"Duan B.; Xu Z.; Pan L.; Chen W.; Qiao Z.","Duan, Bo (57057096600); Xu, Zhengmin (7405425109); Pan, Lili (57637695200); Chen, Wenxia (57056652300); Qiao, Zhongwei (16444536400)","57057096600; 7405425109; 57637695200; 57056652300; 16444536400","Prediction of Hearing Prognosis of Large Vestibular Aqueduct Syndrome Based on the PyTorch Deep Learning Model","2022","Journal of Healthcare Engineering","2022","","4814577","","","","6","10.1155/2022/4814577","https://www.scopus.com/inward/record.uri?eid=2-s2.0-85128802331&doi=10.1155%2f2022%2f4814577&partnerID=40&md5=9de4da677cf87636c440ed3bd7b02a3b","Retracted","Final","All Open Access; Green Open Access; Hybrid Gold Open Access","Scopus","2-s2.0-85128802331"
"He Y.; Liang T.; Chen Z.; Mo S.; Liao Y.; Gao Q.; Huang K.; Peng T.; Zhou W.; Han C.","He, Yongfei (57216920217); Liang, Tianyi (57216930320); Chen, Zijun (57212307895); Mo, Shutian (57216922407); Liao, Yuan (57783435800); Gao, Qiang (57700845300); Huang, Ketuan (57194039109); Peng, Tao (57211371177); Zhou, Weijie (57224977379); Han, Chuangye (57188568123)","57216920217; 57216930320; 57212307895; 57216922407; 57783435800; 57700845300; 57194039109; 57211371177; 57224977379; 57188568123","Recurrence of Early Hepatocellular Carcinoma after Surgery May Be Related to Intestinal Oxidative Stress and the Development of a Predictive Model","2022","Oxidative Medicine and Cellular Longevity","2022","","7261786","","","","2","10.1155/2022/7261786","https://www.scopus.com/inward/record.uri?eid=2-s2.0-85140003096&doi=10.1155%2f2022%2f7261786&partnerID=40&md5=a5f0e486af0b0e695ef9d5501cac1bb4","Retracted","Final","All Open Access; Gold Open Access; Green Open Access","Scopus","2-s2.0-85140003096"
"Chaudhury S.; Sau K.","Chaudhury, Sushovan (59139087700); Sau, Kartik (57200151370)","59139087700; 57200151370","A BERT encoding with Recurrent Neural Network and Long-Short Term Memory for breast cancer image classification","2023","Decision Analytics Journal","6","","100177","","","","10","10.1016/j.dajour.2023.100177","https://www.scopus.com/inward/record.uri?eid=2-s2.0-85147960691&doi=10.1016%2fj.dajour.2023.100177&partnerID=40&md5=93c286967ff6d4f732e0aa844d914741","Retracted","Final","All Open Access; Gold Open Access","Scopus","2-s2.0-85147960691"
"Sheng A.; Zhou P.; Ye Y.; Sun K.; Yang Z.","Sheng, Aizhu (57789876400); Zhou, Pengfei (57789445100); Ye, Yizhai (57367914200); Sun, Keda (57789235200); Yang, Zhenhua (55716681600)","57789876400; 57789445100; 57367914200; 57789235200; 55716681600","Diagnostic Efficacy of CT Radiomic Features in Pulmonary Invasive Mucinous Adenocarcinoma","2022","Scanning","2022","","5314225","","","","2","10.1155/2022/5314225","https://www.scopus.com/inward/record.uri?eid=2-s2.0-85133709276&doi=10.1155%2f2022%2f5314225&partnerID=40&md5=507a3a9f251933bd8647f11850e281ac","Retracted","Final","All Open Access; Gold Open Access; Green Open Access","Scopus","2-s2.0-85133709276"
"Nigudgi S.; Bhyri C.","Nigudgi, Surekha (55925539100); Bhyri, Channappa (51664547100)","55925539100; 51664547100","Lung cancer CT image classification using hybrid-SVM transfer learning approach","2023","Soft Computing","27","14","","9845","9859","14","25","10.1007/s00500-023-08498-x","https://www.scopus.com/inward/record.uri?eid=2-s2.0-85160244372&doi=10.1007%2fs00500-023-08498-x&partnerID=40&md5=9ebdab2458d9e9d2cc2cbdfdaf07e415","Retracted","Final","","Scopus","2-s2.0-85160244372"
"Singh D.; Kumar Joshi S.","Singh, Devendra (57192439723); Kumar Joshi, Sanjeev (58070510300)","57192439723; 58070510300","Biomedical Images Analysis for Disease Diagnosis using Sensor based Machine Learning Model","2022","MysuruCon 2022 - 2022 IEEE 2nd Mysore Sub Section International Conference","","","","","","","0","10.1109/MysuruCon55714.2022.9972711","https://www.scopus.com/inward/record.uri?eid=2-s2.0-85189717613&doi=10.1109%2fMysuruCon55714.2022.9972711&partnerID=40&md5=07d5fcabcced01bbd171373c58efd670","Retracted","Final","","Scopus","2-s2.0-85189717613"
"Pareek P.K.; Surendhar S P.A.; Prasad R.; Ramkumar G.; Dixit E.; Subbiah R.; Salmen S.H.; Almoallim H.S.; Priya S.S.; Jayadhas S.A.","Pareek, Piyush Kumar (58978855800); Surendhar S, Prasath Alais (57211279085); Prasad, Ram (35171158300); Ramkumar, Govindaraj (56654228700); Dixit, Ekta (57211870376); Subbiah, R. (57925927700); Salmen, Saleh H. (55419007200); Almoallim, Hesham S. (55793190529); Priya, S.S. (57819641500); Jayadhas, S. Arockia (57446193000)","58978855800; 57211279085; 35171158300; 56654228700; 57211870376; 57925927700; 55419007200; 55793190529; 57819641500; 57446193000","Predicting the Spread of Vessels in Initial Stage Cervical Cancer through Radiomics Strategy Based on Deep Learning Approach","2022","Advances in Materials Science and Engineering","2022","","1008652","","","","24","10.1155/2022/1008652","https://www.scopus.com/inward/record.uri?eid=2-s2.0-85139790726&doi=10.1155%2f2022%2f1008652&partnerID=40&md5=e3fe0ff0daba6c5200e1f21e8c04212e","Retracted","Final","","Scopus","2-s2.0-85139790726"
"Li L.; Luo S.","Li, Li (56575937100); Luo, Song (56389082500)","56575937100; 56389082500","Analysis of SOCS3 gene genotype in patients with acute cerebral infarction and its relationship with disease progression","2023","Clinical Neurology and Neurosurgery","224","","107518","","","","0","10.1016/j.clineuro.2022.107518","https://www.scopus.com/inward/record.uri?eid=2-s2.0-85142421351&doi=10.1016%2fj.clineuro.2022.107518&partnerID=40&md5=ece30a76a2d57f63b752f56e23680eb7","Retracted","Final","","Scopus","2-s2.0-85142421351"
"Bhende M.; Thakare A.; Pant B.; Singhal P.; Shinde S.; Saravanan V.","Bhende, Manisha (57212697259); Thakare, Anuradha (55995624200); Pant, Bhasker (35316278700); Singhal, Piyush (54908142400); Shinde, Swati (56046141200); Saravanan, V. (57205843182)","57212697259; 55995624200; 35316278700; 54908142400; 56046141200; 57205843182","Deep Learning-Based Real-Time Discriminate Correlation Analysis for Breast Cancer Detection","2022","BioMed Research International","2022","","4609625","","","","7","10.1155/2022/4609625","https://www.scopus.com/inward/record.uri?eid=2-s2.0-85133607170&doi=10.1155%2f2022%2f4609625&partnerID=40&md5=36fc7568ce479fcb140cdf15ca965824","Retracted","Final","All Open Access; Green Open Access; Hybrid Gold Open Access","Scopus","2-s2.0-85133607170"
"Zhang L.; Chen J.; Lai X.; Zhang X.; Xu J.","Zhang, Liqing (57211774636); Chen, Jing (58350797400); Lai, Xufeng (59285880400); Zhang, Xiaoqian (59876102900); Xu, Jianfeng (59891933400)","57211774636; 58350797400; 59285880400; 59876102900; 59891933400","Dual-phenotype hepatocellular carcinoma: correlation of MRI features with other primary hepatocellular carcinoma and differential diagnosis","2023","Frontiers in Oncology","13","","1253873","","","","3","10.3389/fonc.2023.1253873","https://www.scopus.com/inward/record.uri?eid=2-s2.0-85183030257&doi=10.3389%2ffonc.2023.1253873&partnerID=40&md5=7f2ab00ac81eee63f905b76c00561310","Retracted","Final","","Scopus","2-s2.0-85183030257"
"Liang H.; Wu K.; Wu R.; Huang K.T.; Deng Z.; Chen H.","Liang, Haote (57208753929); Wu, Keming (57205315403); Wu, Rongrong (58151843900); Huang, KaTe (55238243600); Deng, Zhexian (11840200200); Chen, Hongde (55199319000)","57208753929; 57205315403; 58151843900; 55238243600; 11840200200; 55199319000","Renal enhanced CT images reveal the tandem mechanism between tumor cells and immunocytes based on bulk/single-cell RNA sequencing","2023","Functional and Integrative Genomics","23","2","88","","","","2","10.1007/s10142-023-01011-5","https://www.scopus.com/inward/record.uri?eid=2-s2.0-85150665522&doi=10.1007%2fs10142-023-01011-5&partnerID=40&md5=02f118561f81b7c8bb84b3a2c479ede6","Retracted","Final","","Scopus","2-s2.0-85150665522"
"Zang L.","Zang, Lan (57331083300)","57331083300","Multi-Slice Spiral Computed Tomography Image Features under Hybrid Iterative Reconstruction Algorithm in Staging Diagnosis of Bladder Cancer","2021","Journal of Healthcare Engineering","2021","","7733654","","","","0","10.1155/2021/7733654","https://www.scopus.com/inward/record.uri?eid=2-s2.0-85118924785&doi=10.1155%2f2021%2f7733654&partnerID=40&md5=edb94f91044b2c04f91ce29686926658","Retracted","Final","All Open Access; Green Open Access; Hybrid Gold Open Access","Scopus","2-s2.0-85118924785"
"Mukiri R.; Burra V.B.","Mukiri, RajaKumari (57870147200); Burra, Vijaya Babu (56278674400)","57870147200; 56278674400","A Novel Vision Transformer Model for Rumor Prediction in COVID-19 Data CT Images","2024","Journal of Intelligent and Fuzzy Systems","46","2","","3635","3648","13","0","10.3233/JIFS-236842","https://www.scopus.com/inward/record.uri?eid=2-s2.0-85185530070&doi=10.3233%2fJIFS-236842&partnerID=40&md5=4955979529cf3068a66a7b1c5857b855","Retracted","Final","","Scopus","2-s2.0-85185530070"
"Wang J.; Ti L.; Sun X.; Yang R.; Zhang N.; Sun K.","Wang, Jian (57860786000); Ti, Lin (57861917600); Sun, Xiaorui (57861069400); Yang, Ruping (57861069500); Zhang, Nafei (57860501900); Sun, Kejuan (57210450708)","57860786000; 57861917600; 57861069400; 57861069500; 57860501900; 57210450708","DSA Image Analysis of Clinical Features and Nursing Care of Cerebral Aneurysm Patients Based on the Deep Learning Algorithm","2022","Scanning","2022","","8485651","","","","1","10.1155/2022/8485651","https://www.scopus.com/inward/record.uri?eid=2-s2.0-85136699746&doi=10.1155%2f2022%2f8485651&partnerID=40&md5=2e9908ee0b59047c20a13b16f94bef7e","Retracted","Final","All Open Access; Green Open Access; Hybrid Gold Open Access","Scopus","2-s2.0-85136699746"
"Gupta S.; Garg N.; Sinha D.; Yadav B.; Gupta B.; Miah S.","Gupta, Sachin (57210290998); Garg, Neeraj (36660719800); Sinha, Divyanshu (57682499200); Yadav, Babita (57204010869); Gupta, Bhoomi (57211409770); Miah, Shahajan (57224881107)","57210290998; 36660719800; 57682499200; 57204010869; 57211409770; 57224881107","The Emerging Role of Implementing Machine Learning in Food Recommendation for Chronic Kidney Diseases Using Correlation Analysis","2022","Journal of Food Quality","2022","","7176261","","","","2","10.1155/2022/7176261","https://www.scopus.com/inward/record.uri?eid=2-s2.0-85131397547&doi=10.1155%2f2022%2f7176261&partnerID=40&md5=52d379c4ad912954e84f085ca9f66297","Retracted","Final","All Open Access; Gold Open Access","Scopus","2-s2.0-85131397547"
"Zhang X.; Lv B.; Rui L.; Cai L.; Liu F.","Zhang, Xiaofeng (59870638900); Lv, Beili (57205579404); Rui, Lijun (57201395534); Cai, Liming (56579575400); Liu, Fenglan (57216537210)","59870638900; 57205579404; 57201395534; 56579575400; 57216537210","Regression Analysis of Factors Based on Cluster Analysis of Acute Radiation Pneumonia due to Radiation Therapy for Lung Cancer","2021","Journal of Healthcare Engineering","2021","","3727794","","","","3","10.1155/2021/3727794","https://www.scopus.com/inward/record.uri?eid=2-s2.0-85118298300&doi=10.1155%2f2021%2f3727794&partnerID=40&md5=876c373680c1fccfd7f1c9560d85d155","Retracted","Final","","Scopus","2-s2.0-85118298300"
"Ramzan M.; Khan N.S.; Kumam P.; Khan R.","Ramzan, Muhammad (59569627800); Khan, Noor Saeed (57215223993); Kumam, Poom (15056385100); Khan, Raees (56780930400)","59569627800; 57215223993; 15056385100; 56780930400","A numerical study of chemical reaction in a nanofluid flow due to rotating disk in the presence of magnetic field","2021","Scientific Reports","11","1","19399","","","","30","10.1038/s41598-021-98881-1","https://www.scopus.com/inward/record.uri?eid=2-s2.0-85116373938&doi=10.1038%2fs41598-021-98881-1&partnerID=40&md5=21cb2bc0ea29eee97a915030fc13323e","Retracted","Final","All Open Access; Gold Open Access; Green Open Access","Scopus","2-s2.0-85116373938"
"Hussain A.A.; Bouachir O.; Al-Turjman F.; Aloqaily M.","Hussain, Adedoyin Ahmed (57218450597); Bouachir, Ouns (56027475000); Al-Turjman, Fadi (20336944100); Aloqaily, Moayad (35226211500)","57218450597; 56027475000; 20336944100; 35226211500","Notice of Retraction: AI Techniques for COVID-19","2020","IEEE Access","8","","9136710","128776","128795","19","133","10.1109/ACCESS.2020.3007939","https://www.scopus.com/inward/record.uri?eid=2-s2.0-85089220406&doi=10.1109%2fACCESS.2020.3007939&partnerID=40&md5=909560afef4edd093730d250e0e0acad","Retracted","Final","All Open Access; Gold Open Access; Green Open Access","Scopus","2-s2.0-85089220406"
"Jia P.; Mao Y.; Liu K.; Wei X.","Jia, Peiwan (57455409600); Mao, Yunjie (57559527400); Liu, Kahua (57560404800); Wei, Xianjuan (57560404900)","57455409600; 57559527400; 57560404800; 57560404900","The Value of Color Doppler Ultrasound and CT Combined with Serum AFP Examination in the Diagnosis of Hepatocellular Carcinoma","2022","Journal of Healthcare Engineering","2022","","4147753","","","","3","10.1155/2022/4147753","https://www.scopus.com/inward/record.uri?eid=2-s2.0-85127535977&doi=10.1155%2f2022%2f4147753&partnerID=40&md5=f6dc1f98559020f83b7dca36509e25ae","Retracted","Final","All Open Access; Green Open Access; Hybrid Gold Open Access","Scopus","2-s2.0-85127535977"
"Abraham A.; Kayalvizhi R.; Mohideen H.S.","Abraham, Asha (57209691250); Kayalvizhi, R. (57201345642); Mohideen, Habeeb Shaik (57219892637)","57209691250; 57201345642; 57219892637","A hybrid stacking classifier with feature selection for handling imbalanced data","2024","Journal of Intelligent and Fuzzy Systems","46","4","236197","9103","9117","14","0","10.3233/JIFS-236197","https://www.scopus.com/inward/record.uri?eid=2-s2.0-85193744050&doi=10.3233%2fJIFS-236197&partnerID=40&md5=36006c06e1b3c1f73f5ecdb1e6189676","Retracted","Final","","Scopus","2-s2.0-85193744050"
"Quazi S.","Quazi, Sameer (57222029432)","57222029432","Artificial intelligence and machine learning in precision and genomic medicine","2022","Medical Oncology","39","8","120","","","","208","10.1007/s12032-022-01711-1","https://www.scopus.com/inward/record.uri?eid=2-s2.0-85131963920&doi=10.1007%2fs12032-022-01711-1&partnerID=40&md5=56a6e34e1f4a8aa26cdeebb9a67ddbcf","Retracted","Final","All Open Access; Bronze Open Access; Green Open Access","Scopus","2-s2.0-85131963920"
"Zhu J.; Chen S.; Wang Y.; Gao T.; Ji Y.; Wang S.","Zhu, Jiang (57456358900); Chen, Si (57456444500); Wang, Yanchen (57211094957); Gao, TongBin (57201911651); Ji, Yongjian (57201905050); Wang, Shenyang (57456488700)","57456358900; 57456444500; 57211094957; 57201911651; 57201905050; 57456488700","Clinical Study on the Efficacy of Microwave Ablation (MA) in the Treatment of Stage I Renal Clear Cell Carcinoma by CT and MRI Imaging","2022","Journal of Healthcare Engineering","2022","","8446294","","","","0","10.1155/2022/8446294","https://www.scopus.com/inward/record.uri?eid=2-s2.0-85124779817&doi=10.1155%2f2022%2f8446294&partnerID=40&md5=bf4d52784ece8e82cc4070a9fc687a70","Retracted","Final","All Open Access; Gold Open Access; Green Open Access","Scopus","2-s2.0-85124779817"
"Chen X.; Yu M.; Xu W.; Kun P.; Wan W.; Yuhong X.; Ye J.; Liu Y.; Luo J.","Chen, Xiang (57826805600); Yu, Mingchuan (57285479000); Xu, Wei (56802938300); Kun, Peng (56893559000); Wan, Wenbing (56519130000); Yuhong, Xiao (57935692200); Ye, Jing (59894059100); Liu, Yu (59372037800); Luo, Jun (55482562800)","57826805600; 57285479000; 56802938300; 56893559000; 56519130000; 57935692200; 59894059100; 59372037800; 55482562800","PCBP2 Reduced Oxidative Stress-Induced Apoptosis in Glioma through cGAS/STING Pathway by METTL3-Mediated m6A Modification","2022","Oxidative Medicine and Cellular Longevity","2022","","9049571","","","","14","10.1155/2022/9049571","https://www.scopus.com/inward/record.uri?eid=2-s2.0-85140280662&doi=10.1155%2f2022%2f9049571&partnerID=40&md5=5a68fb6cee0b6696b4264582f873758e","Retracted","Final","All Open Access; Gold Open Access; Green Open Access","Scopus","2-s2.0-85140280662"
"Preethi Saroj S.; Gurunathan P.","Preethi Saroj, S. (57210725576); Gurunathan, Pradeep (57211448847)","57210725576; 57211448847","Cascaded layer-coalescing convolution network for brain tumor segmentation","2022","Journal of Intelligent and Fuzzy Systems","43","4","","5293","5308","15","1","10.3233/JIFS-220167","https://www.scopus.com/inward/record.uri?eid=2-s2.0-85136813598&doi=10.3233%2fJIFS-220167&partnerID=40&md5=7d12bc839c47d44b49621a7418945542","Retracted","Final","","Scopus","2-s2.0-85136813598"
"Chauhan H.; Modi K.; Shrivastava S.","Chauhan, Hetal (57223967476); Modi, Kirit (57217294580); Shrivastava, Saurabh (7202586178)","57223967476; 57217294580; 7202586178","Development of a classifier with analysis of feature selection methods for COVID-19 diagnosis","2022","World Journal of Engineering","19","1","","49","57","8","6","10.1108/WJE-10-2020-0537","https://www.scopus.com/inward/record.uri?eid=2-s2.0-85106575846&doi=10.1108%2fWJE-10-2020-0537&partnerID=40&md5=34d6bfc7f0726bc059c5994232e59eeb","Retracted","Final","","Scopus","2-s2.0-85106575846"
